wavelength_nm,E_norm
380.05,0.00044
380.42,0.00105
380.8,0.00108
381.17,0.0007
381.55,0.00088
381.93,0.0009
382.3,0.00116
382.68,0.00118
383.05,0.00093
383.43,0.00125
383.81,0.00095
384.18,0.00122
384.56,0.00122
384.93,0.00087
385.31,0.00096
385.68,0.00101
386.06,0.00126
386.44,0.00086
386.81,0.00079
387.19,0.0007
387.56,0.00086
387.94,0.00109
388.31,0.00092
388.69,0.00093
389.06,0.00121
389.44,0.00115
389.81,0.00072
390.19,0.00103
390.56,0.00157
390.94,0.00123
391.31,0.00076
391.69,0.00114
392.07,0.00102
392.44,0.00135
392.82,0.00095
393.19,0.0011
393.56,0.00123
393.94,0.00135
394.31,0.00125
394.69,0.00103
395.06,0.00121
395.44,0.00134
395.81,0.00118
396.19,0.00142
396.56,0.00135
396.94,0.00148
397.31,0.00135
397.69,0.00158
398.06,0.00151
398.44,0.00136
398.81,0.0014
399.18,0.00181
399.56,0.00155
399.93,0.00124
400.31,0.00141
400.68,0.00167
401.06,0.00233
401.43,0.00151
401.8,0.00204
402.18,0.00177
402.55,0.00176
402.93,0.00182
403.3,0.00199
403.68,0.00165
404.05,0.00188
404.42,0.00207
404.8,0.0024
405.17,0.0021
405.54,0.00224
405.92,0.00247
406.29,0.00217
406.67,0.00238
407.04,0.00223
407.41,0.00237
407.79,0.00247
408.16,0.00253
408.53,0.0028
408.91,0.00321
409.28,0.00318
409.65,0.00336
410.03,0.0034
410.4,0.00382
410.77,0.0038
411.15,0.00381
411.52,0.00456
411.89,0.00423
412.27,0.00463
412.64,0.00503
413.01,0.00575
413.39,0.00576
413.76,0.00598
414.13,0.00611
414.51,0.00697
414.88,0.00694
415.25,0.00765
415.63,0.00862
416.0,0.00925
416.37,0.00919
416.74,0.00952
417.12,0.01082
417.49,0.01124
417.86,0.01226
418.24,0.01308
418.61,0.01315
418.98,0.01497
419.35,0.01582
419.73,0.01704
420.1,0.01694
420.47,0.01865
420.84,0.01999
421.22,0.02194
421.59,0.02349
421.96,0.02533
422.33,0.027
422.7,0.02961
423.08,0.03205
423.45,0.0337
423.82,0.03627
424.19,0.03883
424.57,0.04209
424.94,0.04423
425.31,0.04666
425.68,0.05033
426.05,0.0528
426.43,0.05784
426.8,0.06143
427.17,0.06516
427.54,0.0687
427.91,0.07325
428.28,0.07979
428.66,0.08396
429.03,0.0913
429.4,0.0914
429.77,0.09986
430.14,0.10557
430.51,0.10829
430.89,0.11668
431.26,0.12523
431.63,0.13134
432.0,0.13598
432.37,0.14072
432.74,0.15013
433.11,0.1576
433.49,0.17241
433.86,0.17527
434.23,0.18421
434.6,0.19508
434.97,0.19897
435.34,0.21086
435.71,0.21521
436.08,0.22144
436.45,0.23301
436.83,0.23889
437.2,0.24191
437.57,0.25982
437.94,0.26737
438.31,0.2797
438.68,0.27585
439.05,0.29859
439.42,0.29375
439.79,0.31051
440.16,0.314
440.53,0.32459
440.9,0.32475
441.27,0.32638
441.64,0.32893
442.01,0.3442
442.39,0.3531
442.76,0.35709
443.13,0.36168
443.5,0.35597
443.87,0.36251
444.24,0.37017
444.61,0.36297
444.98,0.36855
445.35,0.36876
445.72,0.36298
446.09,0.36328
446.46,0.35722
446.83,0.35322
447.2,0.34737
447.57,0.34525
447.94,0.34493
448.31,0.33576
448.68,0.33611
449.05,0.32528
449.42,0.32454
449.79,0.31033
450.16,0.30737
450.53,0.29748
450.89,0.28992
451.26,0.27633
451.63,0.27402
452.0,0.26104
452.37,0.26229
452.74,0.24906
453.11,0.23742
453.48,0.22671
453.85,0.22486
454.22,0.21888
454.59,0.20941
454.96,0.20827
455.33,0.19879
455.7,0.19262
456.07,0.18401
456.43,0.18071
456.8,0.17593
457.17,0.17671
457.54,0.16834
457.91,0.16803
458.28,0.16429
458.65,0.15779
459.02,0.15994
459.39,0.16309
459.75,0.15343
460.12,0.14775
460.49,0.14398
460.86,0.13909
461.23,0.13815
461.6,0.13793
461.97,0.13269
462.34,0.13235
462.7,0.13219
463.07,0.12806
463.44,0.12557
463.81,0.1252
464.18,0.12038
464.55,0.11621
464.91,0.11635
465.28,0.11286
465.65,0.11035
466.02,0.10946
466.39,0.10877
466.75,0.1043
467.12,0.10252
467.49,0.09883
467.86,0.10051
468.23,0.09467
468.59,0.09449
468.96,0.09229
469.33,0.09199
469.7,0.08661
470.07,0.08814
470.43,0.08729
470.8,0.08574
471.17,0.0862
471.54,0.08551
471.9,0.08328
472.27,0.08395
472.64,0.08321
473.01,0.08299
473.37,0.08186
473.74,0.08242
474.11,0.0814
474.48,0.07938
474.84,0.07976
475.21,0.08111
475.58,0.07847
475.94,0.08134
476.31,0.08096
476.68,0.08067
477.05,0.08194
477.41,0.08227
477.78,0.08102
478.15,0.0805
478.51,0.08453
478.88,0.08608
479.25,0.08499
479.61,0.08666
479.98,0.08812
480.35,0.08811
480.71,0.0889
481.08,0.09016
481.45,0.0919
481.81,0.09184
482.18,0.09531
482.55,0.09449
482.91,0.09575
483.28,0.09934
483.65,0.10197
484.01,0.1024
484.38,0.10204
484.74,0.10372
485.11,0.10624
485.48,0.10931
485.84,0.11283
486.21,0.11336
486.58,0.1146
486.94,0.11632
487.31,0.12067
487.67,0.12334
488.04,0.12497
488.41,0.12998
488.77,0.13005
489.14,0.13689
489.5,0.14068
489.87,0.14327
490.23,0.14602
490.6,0.14775
490.97,0.15328
491.33,0.15641
491.7,0.1626
492.06,0.16667
492.43,0.16946
492.79,0.17893
493.16,0.18413
493.52,0.18936
493.89,0.19279
494.25,0.19772
494.62,0.20355
494.99,0.20669
495.35,0.21399
495.72,0.21974
496.08,0.2249
496.45,0.23199
496.81,0.23845
497.18,0.24385
497.54,0.25365
497.91,0.25612
498.27,0.26698
498.64,0.2695
499.0,0.27874
499.37,0.2877
499.73,0.29511
500.09,0.30178
500.46,0.3072
500.82,0.31725
501.19,0.32147
501.55,0.32885
501.92,0.33843
502.28,0.34495
502.65,0.35501
503.01,0.36034
503.38,0.36996
503.74,0.38037
504.1,0.39043
504.47,0.39748
504.83,0.40416
505.2,0.41315
505.56,0.42153
505.92,0.42945
506.29,0.44121
506.65,0.45283
507.02,0.45721
507.38,0.46497
507.74,0.47677
508.11,0.48399
508.47,0.49126
508.84,0.50183
509.2,0.50945
509.56,0.52103
509.93,0.52977
510.29,0.53871
510.65,0.55171
511.02,0.55969
511.38,0.56831
511.75,0.57471
512.11,0.5901
512.47,0.59845
512.84,0.60915
513.2,0.61959
513.56,0.6244
513.93,0.63957
514.29,0.64624
514.65,0.65745
515.02,0.67169
515.38,0.68036
515.74,0.69221
516.1,0.70252
516.47,0.71059
516.83,0.72509
517.19,0.7342
517.56,0.74664
517.92,0.7574
518.28,0.76768
518.64,0.77505
519.01,0.78558
519.37,0.80005
519.73,0.80822
520.1,0.82011
520.46,0.83133
520.82,0.83593
521.18,0.84519
521.55,0.85382
521.91,0.86442
522.27,0.87558
522.63,0.88482
523.0,0.89553
523.36,0.90042
523.72,0.9068
524.08,0.91077
524.44,0.91908
524.81,0.93042
525.17,0.93047
525.53,0.93999
525.89,0.94086
526.25,0.94948
526.62,0.95121
526.98,0.96148
527.34,0.95958
527.7,0.96373
528.06,0.96441
528.43,0.97161
528.79,0.97847
529.15,0.97426
529.51,0.98325
529.87,0.98655
530.23,0.98224
530.6,0.98938
530.96,0.99575
531.32,1.0
531.68,0.99433
532.04,0.99288
532.4,0.99384
532.76,0.99349
533.12,0.99685
533.49,0.99289
533.85,0.98797
534.21,0.99305
534.57,0.9936
534.93,0.98932
535.29,0.99184
535.65,0.99387
536.01,0.98906
536.37,0.99522
536.74,0.9879
537.1,0.98847
537.46,0.98394
537.82,0.98216
538.18,0.97855
538.54,0.97985
538.9,0.98425
539.26,0.9857
539.62,0.98055
539.98,0.98271
540.34,0.97775
540.7,0.97907
541.06,0.97469
541.42,0.98196
541.78,0.98152
542.14,0.97224
542.5,0.97541
542.86,0.97402
543.22,0.97003
543.58,0.96854
543.94,0.97984
544.3,0.97196
544.66,0.97148
545.02,0.96701
545.38,0.96589
545.74,0.96448
546.1,0.96069
546.46,0.9551
546.82,0.95651
547.18,0.95133
547.54,0.95197
547.9,0.94612
548.26,0.9506
548.62,0.94773
548.98,0.95008
549.34,0.94558
549.7,0.94966
550.06,0.94433
550.42,0.94455
550.78,0.94398
551.14,0.95285
551.5,0.95096
551.86,0.95633
552.22,0.94373
552.57,0.95537
552.93,0.95366
553.29,0.95255
553.65,0.95773
554.01,0.9621
554.37,0.94919
554.73,0.94107
555.09,0.9449
555.45,0.95405
555.8,0.95283
556.16,0.95933
556.52,0.95263
556.88,0.95216
557.24,0.95946
557.6,0.95853
557.96,0.9721
558.32,0.96591
558.67,0.96385
559.03,0.96493
559.39,0.96215
559.75,0.96452
560.11,0.9628
560.47,0.96915
560.82,0.97457
561.18,0.96965
561.54,0.96726
561.9,0.96697
562.26,0.97087
562.61,0.97237
562.97,0.97359
563.33,0.97613
563.69,0.97606
564.05,0.97604
564.4,0.97318
564.76,0.98389
565.12,0.98331
565.48,0.98405
565.83,0.98058
566.19,0.98212
566.55,0.98133
566.91,0.98122
567.26,0.97905
567.62,0.98679
567.98,0.98706
568.34,0.98865
568.69,0.98663
569.05,0.98578
569.41,0.97916
569.77,0.98549
570.12,0.97207
570.48,0.97405
570.84,0.97005
571.19,0.97089
571.55,0.97214
571.91,0.97014
572.27,0.96687
572.62,0.96385
572.98,0.96272
573.34,0.96398
573.69,0.95963
574.05,0.95487
574.41,0.95249
574.76,0.94545
575.12,0.94247
575.48,0.94168
575.83,0.93434
576.19,0.93022
576.55,0.92709
576.9,0.92557
577.26,0.92345
577.62,0.91935
577.97,0.91279
578.33,0.90737
578.68,0.90304
579.04,0.88875
579.4,0.88779
579.75,0.88149
580.11,0.87735
580.46,0.87257
580.82,0.86974
581.18,0.86493
581.53,0.85606
581.89,0.85034
582.24,0.84647
582.6,0.83885
582.96,0.83221
583.31,0.82054
583.67,0.81643
584.02,0.81289
584.38,0.80579
584.73,0.80327
585.09,0.79238
585.44,0.79275
585.8,0.7836
586.16,0.77708
586.51,0.77194
586.87,0.76909
587.22,0.76134
587.58,0.76383
587.93,0.75648
588.29,0.74666
588.64,0.74847
589.0,0.73265
589.35,0.72849
589.71,0.72278
590.06,0.72169
590.42,0.71985
590.77,0.71461
591.13,0.70011
591.48,0.69699
591.84,0.68949
592.19,0.68629
592.54,0.68179
592.9,0.67986
593.25,0.67886
593.61,0.66955
593.96,0.66334
594.32,0.6536
594.67,0.65354
595.03,0.6489
595.38,0.64273
595.73,0.63095
596.09,0.63392
596.44,0.6302
596.8,0.62962
597.15,0.63844
597.51,0.62712
597.86,0.61978
598.21,0.61528
598.57,0.61432
598.92,0.60861
599.27,0.60192
599.63,0.58975
599.98,0.59782
600.34,0.59595
600.69,0.59093
601.04,0.5887
601.4,0.58471
601.75,0.5901
602.1,0.5717
602.46,0.57527
602.81,0.56688
603.16,0.5741
603.52,0.57242
603.87,0.55839
604.22,0.5556
604.58,0.55029
604.93,0.55195
605.28,0.54382
605.64,0.54126
605.99,0.54226
606.34,0.54216
606.7,0.54519
607.05,0.53624
607.4,0.53078
607.75,0.52848
608.11,0.52878
608.46,0.52553
608.81,0.52112
609.17,0.51781
609.52,0.51917
609.87,0.52139
610.22,0.5176
610.58,0.51699
610.93,0.51091
611.28,0.51076
611.63,0.50634
611.99,0.50325
612.34,0.50797
612.69,0.50188
613.04,0.49872
613.39,0.49295
613.75,0.49166
614.1,0.49102
614.45,0.49041
614.8,0.48942
615.16,0.48385
615.51,0.48326
615.86,0.48176
616.21,0.48183
616.56,0.47742
616.91,0.47653
617.27,0.47546
617.62,0.46935
617.97,0.46851
618.32,0.46318
618.67,0.46337
619.02,0.45845
619.38,0.45502
619.73,0.4524
620.08,0.44955
620.43,0.44395
620.78,0.44128
621.13,0.44071
621.48,0.43956
621.83,0.43755
622.19,0.43645
622.54,0.43183
622.89,0.43111
623.24,0.42766
623.59,0.42336
623.94,0.41975
624.29,0.41918
624.64,0.41522
624.99,0.413
625.34,0.40863
625.69,0.40585
626.05,0.40541
626.4,0.40506
626.75,0.39995
627.1,0.39745
627.45,0.38907
627.8,0.39103
628.15,0.38493
628.5,0.37994
628.85,0.37738
629.2,0.37503
629.55,0.36969
629.9,0.36883
630.25,0.36382
630.6,0.36024
630.95,0.35931
631.3,0.35239
631.65,0.34932
632.0,0.34755
632.35,0.34337
632.7,0.33923
633.05,0.3356
633.4,0.33406
633.75,0.33076
634.1,0.32452
634.45,0.31977
634.8,0.3199
635.15,0.31449
635.5,0.3134
635.85,0.30949
636.2,0.30598
636.55,0.30334
636.9,0.29815
637.24,0.29602
637.59,0.29243
637.94,0.28913
638.29,0.2861
638.64,0.28259
638.99,0.27941
639.34,0.27559
639.69,0.2702
640.04,0.26915
640.39,0.26523
640.74,0.2594
641.08,0.25843
641.43,0.25507
641.78,0.25178
642.13,0.24908
642.48,0.24737
642.83,0.2451
643.18,0.24092
643.53,0.23615
643.87,0.2333
644.22,0.23403
644.57,0.22814
644.92,0.22574
645.27,0.22423
645.62,0.22152
645.96,0.21696
646.31,0.21279
646.66,0.21286
647.01,0.21072
647.36,0.20706
647.7,0.2054
648.05,0.20294
648.4,0.20123
648.75,0.19882
649.1,0.19542
649.44,0.19493
649.79,0.19423
650.14,0.18889
650.49,0.18745
650.83,0.18739
651.18,0.18685
651.53,0.18314
651.88,0.17846
652.22,0.17681
652.57,0.17875
652.92,0.17519
653.27,0.17178
653.61,0.17024
653.96,0.16678
654.31,0.16776
654.66,0.16597
655.0,0.16396
655.35,0.15863
655.7,0.15906
656.04,0.15667
656.39,0.15443
656.74,0.15481
657.08,0.15014
657.43,0.15156
657.78,0.14925
658.12,0.14742
658.47,0.14789
658.82,0.14607
659.16,0.14347
659.51,0.14123
659.86,0.13884
660.2,0.13942
660.55,0.13719
660.9,0.13436
661.24,0.13389
661.59,0.13225
661.94,0.13122
662.28,0.1309
662.63,0.12831
662.97,0.12622
663.32,0.12734
663.67,0.1249
664.01,0.124
664.36,0.12122
664.7,0.12052
665.05,0.11966
665.4,0.11781
665.74,0.11718
666.09,0.11684
666.43,0.11437
666.78,0.11469
667.12,0.11253
667.47,0.11223
667.82,0.11145
668.16,0.10954
668.51,0.10951
668.85,0.10713
669.2,0.10787
669.54,0.10737
669.89,0.10487
670.23,0.1056
670.58,0.10379
670.92,0.10201
671.27,0.10063
671.61,0.099
671.96,0.09886
672.3,0.09857
672.65,0.09809
672.99,0.09633
673.34,0.09593
673.68,0.09576
674.03,0.09403
674.37,0.09371
674.72,0.09256
675.06,0.09131
675.4,0.09086
675.75,0.0902
676.09,0.08862
676.44,0.08765
676.78,0.08844
677.13,0.08714
677.47,0.08679
677.82,0.08301
678.16,0.08343
678.5,0.08309
678.85,0.08315
679.19,0.08164
679.54,0.08021
679.88,0.08078
680.22,0.07924
680.57,0.07948
680.91,0.07781
681.26,0.07712
681.6,0.07594
681.94,0.075
682.29,0.0735
682.63,0.07279
682.97,0.07218
683.32,0.07231
683.66,0.07214
684.0,0.07155
684.35,0.06928
684.69,0.06839
685.03,0.06733
685.38,0.06698
685.72,0.06789
686.06,0.06627
686.41,0.0655
686.75,0.06382
687.09,0.06372
687.44,0.06326
687.78,0.06278
688.12,0.06141
688.46,0.06093
688.81,0.06088
689.15,0.05887
689.49,0.06074
689.83,0.05844
690.18,0.05669
690.52,0.05537
690.86,0.05535
691.2,0.05536
691.55,0.05389
691.89,0.05335
692.23,0.05343
692.57,0.05142
692.92,0.05168
693.26,0.0508
693.6,0.05029
693.94,0.04944
694.29,0.04789
694.63,0.04841
694.97,0.04725
695.31,0.04622
695.65,0.04506
695.99,0.04558
696.34,0.0454
696.68,0.04432
697.02,0.04279
697.36,0.04337
697.7,0.0414
698.04,0.04213
698.39,0.04073
698.73,0.0405
699.07,0.03955
699.41,0.03976
699.75,0.03909
700.09,0.03852
700.43,0.03733
700.78,0.03738
701.12,0.03819
701.46,0.03747
701.8,0.03558
702.14,0.03631
702.48,0.03525
702.82,0.03426
703.16,0.03388
703.5,0.03341
703.84,0.03282
704.19,0.03277
704.53,0.0316
704.87,0.03189
705.21,0.03163
705.55,0.02979
705.89,0.02995
706.23,0.02889
706.57,0.02892
706.91,0.02941
707.25,0.02877
707.59,0.02921
707.93,0.02786
708.27,0.02763
708.61,0.02644
708.95,0.02683
709.29,0.02686
709.63,0.02564
709.97,0.02574
710.31,0.02567
710.65,0.02481
710.99,0.02458
711.33,0.02445
711.67,0.02437
712.01,0.02315
712.35,0.02261
712.69,0.02243
713.03,0.02233
713.37,0.0223
713.71,0.02176
714.05,0.02176
714.39,0.02116
714.73,0.02064
715.07,0.02101
715.4,0.02062
715.74,0.01961
716.08,0.02047
716.42,0.02037
716.76,0.01917
717.1,0.01896
717.44,0.01969
717.78,0.01818
718.12,0.01818
718.46,0.01873
718.79,0.01764
719.13,0.01717
719.47,0.01642
719.81,0.01707
720.15,0.01723
720.49,0.01659
720.83,0.01667
721.17,0.01582
721.5,0.01638
721.84,0.01604
722.18,0.01587
722.52,0.01598
722.86,0.01483
723.19,0.01531
723.53,0.01501
723.87,0.01415
724.21,0.01434
724.55,0.01498
724.89,0.01414
725.22,0.01465
725.56,0.01384
725.9,0.01419
726.24,0.01391
726.57,0.01433
726.91,0.01387
727.25,0.01329
727.59,0.01314
727.92,0.01291
728.26,0.01279
728.6,0.013
728.94,0.01243
729.27,0.01217
729.61,0.01239
729.95,0.01245
730.29,0.01229
730.62,0.01182
730.96,0.01156
731.3,0.01114
731.63,0.01226
731.97,0.01203
732.31,0.01143
732.65,0.01061
732.98,0.01064
733.32,0.01075
733.66,0.01081
733.99,0.0101
734.33,0.01026
734.67,0.01013
735.0,0.00979
735.34,0.00982
735.68,0.00924
736.01,0.00967
736.35,0.01053
736.68,0.01003
737.02,0.01025
737.36,0.00889
737.69,0.00954
738.03,0.00879
738.37,0.00922
738.7,0.00896
739.04,0.00888
739.37,0.00934
739.71,0.00873
740.05,0.00823
740.38,0.00815
740.72,0.0084
741.05,0.0084
741.39,0.0077
741.72,0.00827
742.06,0.00876
742.39,0.00831
742.73,0.00777
743.07,0.00832
743.4,0.00802
743.74,0.00751
744.07,0.00752
744.41,0.00698
744.74,0.0069
745.08,0.00785
745.41,0.00713
745.75,0.00727
746.08,0.0076
746.42,0.00719
746.75,0.0072
747.09,0.00772
747.42,0.00628
747.76,0.00655
748.09,0.00688
748.43,0.00672
748.76,0.0064
749.1,0.00632
749.43,0.00652
749.76,0.00597
750.1,0.00579
750.43,0.00641
750.77,0.00622
751.1,0.00565
751.44,0.00606
751.77,0.00633
752.1,0.00625
752.44,0.00563
752.77,0.00579
753.11,0.00541
753.44,0.00574
753.77,0.00585
754.11,0.00533
754.44,0.00587
754.78,0.00525
755.11,0.00544
755.44,0.00495
755.78,0.00536
756.11,0.00533
756.44,0.00522
756.78,0.00462
757.11,0.00481
757.44,0.00517
757.78,0.0053
758.11,0.00492
758.44,0.005
758.78,0.0049
759.11,0.00512
759.44,0.0055
759.78,0.00479
760.11,0.00446
760.44,0.00468
760.78,0.00441
761.11,0.00449
761.44,0.0046
761.77,0.00443
762.11,0.00463
762.44,0.00391
762.77,0.00427
763.11,0.00441
763.44,0.00424
763.77,0.00419
764.1,0.0034
764.44,0.00373
764.77,0.00375
765.1,0.00351
765.43,0.00444
765.76,0.00444
766.1,0.00362
766.43,0.00351
766.76,0.00354
767.09,0.00356
767.42,0.00302
767.76,0.0031
768.09,0.00362
768.42,0.00354
768.75,0.00384
769.08,0.00271
769.42,0.00324
769.75,0.00326
770.08,0.00288
770.41,0.00313
770.74,0.00294
771.07,0.00288
771.4,0.00189
771.74,0.00307
772.07,0.00225
772.4,0.0025
772.73,0.00285
773.06,0.00291
773.39,0.00299
773.72,0.00255
774.05,0.00264
774.38,0.00302
774.72,0.00266
775.05,0.00294
775.38,0.00242
775.71,0.00201
776.04,0.00228
776.37,0.00258
776.7,0.00253
777.03,0.00223
777.36,0.00234
777.69,0.00278
778.02,0.0022
778.35,0.00234
778.68,0.00264
779.01,0.00181
779.34,0.00253
779.67,0.00234
780.0,0.00212
780.33,0.00225
780.66,0.00223
780.99,0.00228
781.32,0.00171
781.65,0.00102
781.98,0.00206
782.31,0.00234
782.64,0.00206
782.97,0.00184
783.3,0.00184
783.63,0.00206
783.96,0.00179
784.29,0.00171
784.62,0.00195
784.95,0.00187
785.28,0.00176
785.61,0.00193
785.94,0.00196
786.27,0.00289
786.6,0.00259
786.93,0.0022
787.25,0.00185
787.58,0.00193
787.91,0.00196
788.24,0.00116
788.57,0.00146
788.9,0.00099
789.23,0.00116
789.56,0.00176
789.88,0.00141
790.21,0.00179
790.54,0.00141
790.87,0.00207
791.2,0.00168
791.53,0.0019
791.86,0.00179
792.18,0.00157
792.51,0.00121
792.84,0.0013
793.17,0.00138
793.5,0.00174
793.83,0.00152
794.15,0.00127
794.48,0.00121
794.81,0.0016
795.14,0.00132
795.46,0.0016
795.79,0.00144
796.12,0.0013
796.45,0.00152
796.78,0.00122
797.1,0.00174
797.43,0.00113
797.76,0.00088
798.09,0.00152
798.41,0.00119
798.74,0.00058
799.07,0.00105
799.39,0.00193
799.72,0.00152
800.05,0.00069
800.38,0.0008
800.7,0.00108
801.03,0.00127
801.36,0.0016
801.68,0.00147
802.01,0.00124
802.34,0.00166
802.66,0.00113
802.99,0.00113
803.32,0.00133
803.64,0.00133
803.97,0.00102
804.3,0.00089
804.62,0.0013
804.95,0.00113
805.28,0.00119
805.6,0.0013
805.93,0.00089
806.26,3e-05
806.58,0.00055
806.91,0.00114
807.23,0.00097
807.56,0.00083
807.89,0.00108
808.21,0.00166
808.54,0.00102
808.86,0.00102
809.19,0.00072
809.51,0.00069
809.84,0.00075
810.17,0.00075
810.49,0.00105
810.82,0.00053
811.14,0.00091
811.47,0.00083
811.79,0.00103
812.12,0.00078
812.44,0.00058
812.77,0.00103
813.09,0.00097
813.42,6e-05
813.74,0.00061
814.07,0.00036
814.39,0.00072
814.72,0.00078
815.04,0.00103
815.37,0.00097
815.69,0.00097
816.02,0.00061
816.34,0.001
816.67,0.00056
816.99,0.00011
817.32,0.00097
817.64,0.00147
817.97,0.00097
818.29,0.00081
818.61,0.00078
818.94,0.00106
819.26,0.00172
819.59,0.00086
819.91,0.00072
820.23,0.00097
820.56,0.00064
820.88,0.00086
821.21,0.0
821.53,0.00047
821.85,0.0005
822.18,0.00011
822.5,0.00058
822.83,0.001
823.15,0.00092
823.47,0.00028
823.8,0.00072
824.12,0.00081
824.44,0.00047
824.77,0.00111
825.09,0.00042
825.41,0.00056
825.74,0.00081
826.06,0.00103
826.38,0.00067
826.71,0.00033
827.03,0.00097
827.35,0.00064
827.67,0.00045
828.0,0.00092
828.32,0.00156
828.64,0.00081
828.97,0.00039
829.29,0.00086
829.61,0.00053
829.93,0.00053
830.26,0.0005
830.58,0.00064
830.9,0.00109
831.22,0.00114
831.54,0.00028
831.87,8e-05
832.19,0.0005
832.51,0.00078
832.83,0.00089
833.16,0.00109
833.48,0.00106
833.8,0.00089
834.12,0.00056
834.44,0.00014
834.76,0.00028
835.09,0.001
835.41,0.00064
835.73,0.00089
836.05,0.00073
836.37,0.00086
836.69,0.00056
837.02,0.00045
837.34,0.00042
837.66,0.00047
837.98,3e-05
838.3,0.00031
838.62,8e-05
838.94,0.00112
839.26,0.00137
839.59,0.00081
839.91,0.00067
840.23,0.00053
840.55,0.00045
840.87,0.00061
841.19,3e-05
841.51,0.00039
841.83,0.00056
842.15,0.00031
842.47,0.00036
842.79,0.00011
843.11,0.00039
843.43,0.00017
843.75,0.0005
844.07,0.00036
844.39,0.0007
844.71,0.0007
845.03,0.00092
845.35,0.00017
845.67,0.0002
845.99,0.00014
846.31,0.00022
846.63,0.0005
846.95,0.0002
847.27,0.00076
847.59,0.00045
847.91,0.00045
848.23,0.0
848.55,0.00064
848.87,0.00048
849.19,0.00039
849.51,0.00081
849.83,0.00062
850.15,0.0
850.47,0.00014
850.79,0.00022
851.11,0.00059
851.43,0.00042
851.75,0.00011
852.06,0.00059
852.38,0.00076
852.7,0.00081
853.02,0.00076
853.34,0.0
853.66,0.0007
853.98,0.00098
854.3,0.00104
854.61,0.00076
854.93,0.0002
855.25,0.00059
855.57,0.00045
855.89,0.00039
856.21,0.00059
856.53,0.00039
856.84,0.00078
857.16,0.00025
857.48,0.00045
857.8,0.00045
858.12,0.00056
858.43,0.00022
858.75,0.00042
859.07,0.00048
859.39,0.00011
859.71,0.00034
860.02,0.00028
860.34,0.00014
860.66,0.0
860.98,0.00076
861.29,0.00025
861.61,0.00053
861.93,0.00031
862.25,0.00056
862.56,0.00028
862.88,0.00031
863.2,8e-05
863.51,0.00031
863.83,0.00067
864.15,0.00022
864.47,0.00045
864.78,0.00053
865.1,0.00048
865.42,0.00098
865.73,0.00028
866.05,0.00028
866.37,0.0
866.68,0.00028
867.0,0.00059
867.32,0.00039
867.63,0.0
867.95,0.0
868.26,0.0
868.58,0.00014
868.9,0.00022
869.21,0.0007
869.53,0.00045
869.85,0.00031
870.16,0.00037
870.48,0.0
870.79,0.0
871.11,0.00039
871.43,0.0
871.74,0.0
872.06,0.00014
872.37,0.00014
872.69,0.00031
873.0,0.0
873.32,0.00025
873.63,0.0009
873.95,0.00014
874.27,0.00017
874.58,0.00051
874.9,0.00037
875.21,0.00051
875.53,0.00028
875.84,0.00093
876.16,0.00051
876.47,0.00023
876.79,0.0
877.1,0.00034
877.42,0.00028
877.73,0.00082
878.05,0.00062
878.36,0.00014
878.68,6e-05
878.99,0.00017
879.3,0.00014
879.62,0.0
879.93,0.00056
880.25,0.00068
880.56,0.00059
880.88,0.0002
881.19,6e-05
881.5,0.00011
881.82,0.00059
882.13,0.00045
882.45,0.0009
882.76,0.00045
883.07,0.00023
883.39,8e-05
883.7,0.00048
884.02,0.00039
884.33,0.0002
884.64,0.00048
884.96,0.0
885.27,0.0
885.58,0.00045
885.9,0.0
886.21,0.00059
886.52,0.00031
886.84,0.00054
887.15,0.00014
887.46,0.00014
887.78,0.00017
888.09,0.0
888.4,0.00034
888.71,0.00028
889.03,0.00014
889.34,0.00042
889.65,0.00031
889.97,0.00068
890.28,3e-05
890.59,0.00051
890.9,0.0002
891.22,0.00037
891.53,0.0004
891.84,0.00023
892.15,0.0002
892.47,0.00068
892.78,0.00034
893.09,3e-05
893.4,0.0002
893.71,0.00037
894.03,0.00031
894.34,0.00073
894.65,0.0
894.96,3e-05
895.27,0.00062
895.59,0.00045
895.9,0.00034
896.21,0.00051
896.52,0.00062
896.83,0.00042
897.14,0.00028
897.45,0.00057
897.77,0.00031
898.08,0.00023
898.39,0.0004
898.7,8e-05
899.01,0.0
899.32,0.0
899.63,0.00031
899.94,0.0009
900.26,0.00025
900.57,0.0
900.88,0.00057
901.19,0.0
901.5,0.00085
901.81,0.00065
902.12,0.0
902.43,3e-05
902.74,0.0
903.05,0.00054
903.36,0.00028
903.67,0.00048
903.98,0.00028
904.29,0.00076
904.6,0.00017
904.91,0.00011
905.22,0.00023
905.53,0.00031
905.84,0.00068
906.15,3e-05
906.46,0.0
906.77,0.0
907.08,0.00028
907.39,0.0002
907.7,0.00082
908.01,0.00048
908.32,0.00074
908.63,0.0004
908.94,0.00025
909.25,0.0
909.56,0.00011
909.87,0.00017
910.18,0.0
910.49,0.00011
910.8,0.00051
911.1,0.00059
911.41,0.00076
911.72,0.00023
912.03,0.0002
912.34,0.00057
912.65,0.0002
912.96,0.0002
913.27,0.0
913.57,0.00034
913.88,0.0004
914.19,0.00048
914.5,0.00011
914.81,0.00037
915.12,0.0
915.43,0.0
915.73,0.0002
916.04,8e-05
916.35,0.00071
916.66,0.00102
916.97,0.00011
917.27,0.0
917.58,0.00062
917.89,0.0
918.2,0.0
918.51,0.00023
918.81,0.00037
919.12,0.0
919.43,0.00014
919.74,0.00043
920.04,0.00028
920.35,0.00045
920.66,0.00031
920.97,0.00011
921.27,0.00011
921.58,0.0004
921.89,6e-05
922.19,0.0
922.5,0.00077
922.81,0.00065
923.11,0.0
923.42,6e-05
923.73,0.0006
924.04,0.0006
924.34,0.0
924.65,0.00026
924.96,0.00034
925.26,0.00074
925.57,0.00062
925.87,0.00026
926.18,3e-05
926.49,0.0
926.79,0.0
927.1,0.0002
927.41,0.0
927.71,0.00065
928.02,0.00051
928.32,0.0004
928.63,0.0
928.94,0.0
929.24,0.00028
929.55,0.00082
929.85,0.00028
930.16,0.00017
930.46,0.00057
930.77,0.0002
931.08,0.00017
931.38,0.0
931.69,0.00031
931.99,0.00043
932.3,0.0
932.6,0.0
932.91,0.0
933.21,0.00037
933.52,0.0
933.82,0.0
934.13,0.0
934.43,0.00051
934.74,0.0
935.04,0.0
935.35,0.0
935.65,0.00037
935.96,0.00065
936.26,0.00051
936.56,0.00026
936.87,0.00014
937.17,6e-05
937.48,0.00097
937.78,6e-05
938.09,0.0
938.39,0.0
938.69,0.0
939.0,0.0
939.3,0.0
939.61,0.0
939.91,0.00028
940.21,0.00028
940.52,6e-05
940.82,0.0
941.13,0.0006
941.43,0.0
941.73,0.0
942.04,0.00017
942.34,0.0
942.64,0.00037
942.95,0.0
943.25,0.0
943.55,0.0
943.86,0.00017
944.16,0.00017
944.46,0.0
944.77,0.00026
945.07,0.0004
945.37,0.0006
945.67,0.0
945.98,3e-05
946.28,0.00011
946.58,0.00034
946.88,0.0
947.19,0.0
947.49,0.00065
947.79,0.00014
948.09,0.00023
948.4,0.0004
948.7,9e-05
949.0,0.00023
949.3,0.0004
949.61,0.00011
949.91,0.0
950.21,0.00057
950.51,0.00057
950.81,0.00063
951.12,0.0
951.42,0.0
951.72,0.0
952.02,0.0
952.32,9e-05
952.62,0.00065
952.92,0.00048
953.23,3e-05
953.53,0.00054
953.83,0.00051
954.13,0.0
954.43,3e-05
954.73,0.00017
955.03,0.0
955.33,0.00063
955.64,0.0004
955.94,0.0
956.24,3e-05
956.54,0.00048
956.84,0.0
957.14,0.0
957.44,0.0
957.74,0.00028
958.04,0.0
958.34,3e-05
958.64,0.00051
958.94,0.00066
959.24,9e-05
959.54,0.0002
959.84,0.00048
960.14,0.0
960.44,0.00037
960.74,0.0
961.04,0.00011
961.34,0.00037
961.64,0.0
961.94,0.0
962.24,9e-05
962.54,3e-05
962.84,0.00026
963.14,0.00014
963.44,0.00037
963.74,0.0
964.04,0.0
964.34,6e-05
964.64,0.0002
964.94,0.0
965.24,0.0
965.54,0.0
965.84,0.0
966.13,0.00026
966.43,0.0
966.73,0.00043
967.03,0.0
967.33,0.00011
967.63,0.0
967.93,0.0
968.23,0.00017
968.52,0.0006
968.82,9e-05
969.12,0.00049
969.42,0.00103
969.72,0.00034
970.02,0.0
970.31,0.0
970.61,0.00023
970.91,0.00034
971.21,9e-05
971.51,0.00029
971.8,0.00017
972.1,0.0
972.4,0.0
972.7,0.0
973.0,0.0
973.29,0.00034
973.59,0.00051
973.89,0.00046
974.19,0.00017
974.48,0.00029
974.78,0.0002
975.08,0.00089
975.38,0.0
975.67,0.00014
975.97,0.0
976.27,0.00017
976.56,9e-05
976.86,0.0
977.16,0.00046
977.45,0.00034
977.75,0.0002
978.05,0.0004
978.34,0.0
978.64,0.0
978.94,0.0
979.23,0.00023
979.53,0.0
979.83,0.0
980.12,0.0002
980.42,0.0
980.72,0.0
981.01,0.0
981.31,0.00069
981.6,0.00023
981.9,0.00023
982.2,0.0002
982.49,3e-05
982.79,0.0
983.08,0.00011
983.38,0.00046
983.67,0.0
983.97,0.00026
984.27,0.0
984.56,0.00034
984.86,0.0
985.15,0.00014
985.45,3e-05
985.74,0.0
986.04,0.00017
986.33,0.0
986.63,0.0
986.92,0.0004
987.22,0.00014
987.51,0.0002
987.81,0.0
988.1,0.0
988.4,0.00031
988.69,0.0
988.99,0.00049
989.28,0.00031
989.58,0.00031
989.87,0.00052
990.16,0.00031
990.46,0.00029
990.75,0.00026
991.05,3e-05
991.34,0.0
991.63,0.0
991.93,0.0
992.22,0.00029
992.52,0.0
992.81,0.00034
993.1,0.0
993.4,0.0
993.69,9e-05
993.99,0.00011
994.28,0.00031
994.57,0.0
994.87,0.0
995.16,0.00066
995.45,0.00054
995.75,0.00049
996.04,0.0
996.33,0.00011
996.62,0.0
996.92,0.0
997.21,0.0002
997.5,0.0
997.8,9e-05
998.09,0.0
998.38,0.00034
998.67,0.00066
998.97,0.00054
999.26,0.0
999.55,6e-05
999.85,0.0
